Nome,Preço,Link,Imagem
T-shirt EL PICO,"24,90 €",https://www.supermonas.pt/product/t-shirt-el-pico,https://cdn.lojasonlinectt.pt/usercontent/supermonas/media/images/square/bdb2f0f-145912-img_0234.jpeg
Calças RADIANTE,"32,90 €",https://www.supermonas.pt/product/calcas-radiante,https://cdn.lojasonlinectt.pt/usercontent/supermonas/media/images/square/237f404-145437-img_0211.jpeg
Camisa YO POR TÍ,"37,32 €",https://www.supermonas.pt/product/camisa-yo-por-ti,https://cdn.lojasonlinectt.pt/usercontent/supermonas/media/images/square/405e812-225503-bb707ceb-4527-421d-ab05-10c664bb4cef.jpeg
Body ESPERA,"14,90 €",https://www.supermonas.pt/product/body-espera,https://cdn.lojasonlinectt.pt/usercontent/supermonas/media/images/square/aa94ff1-144713-img_0207.jpeg
Body ENREDO,"19,90 €",https://www.supermonas.pt/product/body-enredo,https://cdn.lojasonlinectt.pt/usercontent/supermonas/media/images/square/00e4d49-143718-img_0210.jpeg
T-shirt UNA PASADA,"12,11 €",https://www.supermonas.pt/product/t-shirt-una-pasada,https://cdn.lojasonlinectt.pt/usercontent/supermonas/media/images/square/3300a0b-143137-img_0261.jpeg
Calças DIFICIL,"48,90 €",https://www.supermonas.pt/product/calcas-dificil-2,https://cdn.lojasonlinectt.pt/usercontent/supermonas/media/images/square/c0c5283-225601-bff4272a-ba8c-4ab8-85fc-616c598c0e0e.jpeg
Conjunto NADA ES ETERNO,"33,90 €",https://www.supermonas.pt/product/conjunto-nada-es-eterno,https://cdn.lojasonlinectt.pt/usercontent/supermonas/media/images/square/60b904e-142427-img_0272.jpeg
T-shirt PANDILLA,"17,90 €",https://www.supermonas.pt/product/t-shirt-pandilla,https://cdn.lojasonlinectt.pt/usercontent/supermonas/media/images/square/5125bf0-142127-img_0251.jpeg
T-shirt ME SIGUEN,"22,90 €",https://www.supermonas.pt/product/t-shirt-me-siguen,https://cdn.lojasonlinectt.pt/usercontent/supermonas/media/images/square/0d4361a-141842-img_0259.jpeg
T-shirt LEJOS,"22,90 €",https://www.supermonas.pt/product/t-shirt-lejos,https://cdn.lojasonlinectt.pt/usercontent/supermonas/media/images/square/281c53d-141438-img_0255.jpeg
T-shirt LISTA,"22,90 €",https://www.supermonas.pt/product/t-shirt-lista,https://cdn.lojasonlinectt.pt/usercontent/supermonas/media/images/square/d858c69-141154-img_0247.jpeg
Calças DEVUELVEME,"39,90 €",https://www.supermonas.pt/product/calcas-devuelveme,https://cdn.lojasonlinectt.pt/usercontent/supermonas/media/images/square/055ae5a-140908-img_0280.jpeg
T-shirt HACERTE SONREIR - branca,"42,90 €",https://www.supermonas.pt/product/t-shirt-hacerte-sonreir-branca,https://cdn.lojasonlinectt.pt/usercontent/supermonas/media/images/square/ab67449-140420-img_0243.jpeg
T-shirt UNA COPA,"22,90 €",https://www.supermonas.pt/product/t-shirt-una-copa,https://cdn.lojasonlinectt.pt/usercontent/supermonas/media/images/square/763d37f-140157-img_0230.jpeg
T-shirt HILOS ROJOS,"24,90 €",https://www.supermonas.pt/product/t-shirt-hilos-rojos,https://cdn.lojasonlinectt.pt/usercontent/supermonas/media/images/square/7e08757-135427-img_0235.jpeg
Conjunto DESPACITO,"59,90 €",https://www.supermonas.pt/product/conjunto-despacito,https://cdn.lojasonlinectt.pt/usercontent/supermonas/media/images/square/22c034b-134743-img_0287.jpeg
Vestido ENTRE SOBRAS,"49,90 €",https://www.supermonas.pt/product/vestido-entre-sobras,https://cdn.lojasonlinectt.pt/usercontent/supermonas/media/images/square/f944ffb-134402-img_0295.jpeg
Calças SUAVEMENTE,"46,90 €",https://www.supermonas.pt/product/calcas-suavemente,https://cdn.lojasonlinectt.pt/usercontent/supermonas/media/images/square/bf73345-134048-img_0220.jpeg
Calças FLORAL,"46,90 €",https://www.supermonas.pt/product/calcas-floral,https://cdn.lojasonlinectt.pt/usercontent/supermonas/media/images/square/3b37b7b-134016-img_0217.jpeg
T-shirt DULCE VIDA,"19,90 €",https://www.supermonas.pt/product/t-shirt-dulce-vida,https://cdn.lojasonlinectt.pt/usercontent/supermonas/media/images/square/f276d96-133552-img_0250.jpeg
Jardineiras FUEGO,"46,90 €",https://www.supermonas.pt/product/jardineiras-fuego,https://cdn.lojasonlinectt.pt/usercontent/supermonas/media/images/square/32935fd-133303-img_0227.jpeg
Macacão SIN RETOQUES (LUMINA) - amarelo,"64,99 €",https://www.supermonas.pt/product/macacao-sin-retoques-2,https://cdn.lojasonlinectt.pt/usercontent/supermonas/media/images/square/00d4529-190819-img_1903.jpeg
Calças BOMBACHO,"39,90 €",https://www.supermonas.pt/product/calcas-bombacho,https://cdn.lojasonlinectt.pt/usercontent/supermonas/media/images/square/07b63e1-092355-img_1142.jpeg
Vestido LARGO,"68,90 €",https://www.supermonas.pt/product/vestido-largo,https://cdn.lojasonlinectt.pt/usercontent/supermonas/media/images/square/d96c69f-121706-458c35f8-3f25-438c-a699-b9cc82edaf1a.jpeg
T-shirt STRASS CORONA,"42,90 €",https://www.supermonas.pt/product/t-shirt-strass-corona,https://cdn.lojasonlinectt.pt/usercontent/supermonas/media/images/square/843b402-163635-img_5217.jpeg
T-shirt STRASS CORAZON,"42,90 €",https://www.supermonas.pt/product/t-shirt-strass-corazon,https://cdn.lojasonlinectt.pt/usercontent/supermonas/media/images/square/65b0a37-163340-img_5195.jpeg
T-shirt ALAS DETRAS,"42,90 €",https://www.supermonas.pt/product/t-shirt-alas-detras,https://cdn.lojasonlinectt.pt/usercontent/supermonas/media/images/square/22c6040-163212-img_5203.jpeg
Conjunto ALADINO,"62,90 €",https://www.supermonas.pt/product/conjunto-aladino,https://cdn.lojasonlinectt.pt/usercontent/supermonas/media/images/square/d9e2db8-195827-img_2643.jpeg
Sweat AURICULARES,"44,90 €",https://www.supermonas.pt/product/sweat-auriculares,https://cdn.lojasonlinectt.pt/usercontent/supermonas/media/images/square/19b5438-163051-img_5210.jpeg
Calças FUEGO LENTO,"32,90 €",https://www.supermonas.pt/product/calcas-fuego-lento-2,https://cdn.lojasonlinectt.pt/usercontent/supermonas/media/images/square/8be6409-111331-ebfa864d-186a-4833-9b0f-ec8e87d8f2a2.jpeg
Calças LEOPARDO,"36,90 €",https://www.supermonas.pt/product/calcas-leopardo,https://cdn.lojasonlinectt.pt/usercontent/supermonas/media/images/square/3d7454f-092307-img_1151.jpeg
Calças ESTRELLA,"36,90 €",https://www.supermonas.pt/product/calcas-estrella,https://cdn.lojasonlinectt.pt/usercontent/supermonas/media/images/square/4c3e12f-135756-img_5374.jpeg
Camisa NARANJA,"39,90 €",https://www.supermonas.pt/product/camisa-naranja,https://cdn.lojasonlinectt.pt/usercontent/supermonas/media/images/square/174c022-230409-img_1584.jpeg
Calças NARANJA,"38,90 €",https://www.supermonas.pt/product/calcas-naranja,https://cdn.lojasonlinectt.pt/usercontent/supermonas/media/images/square/5eceab6-230535-img_1594.jpeg
Calças GRANDEZA,"39,90 €",https://www.supermonas.pt/product/calcas-grandeza,https://cdn.lojasonlinectt.pt/usercontent/supermonas/media/images/square/e0c16ff-160636-img_1312.jpeg
Blusa/Colete NIDO,"44,90 €",https://www.supermonas.pt/product/blusa-colete-nido,https://cdn.lojasonlinectt.pt/usercontent/supermonas/media/images/square/3b8d545-113613-img_5529.jpeg
T-hirt DESEO,"22,90 €",https://www.supermonas.pt/product/t-hirt-deseo,https://cdn.lojasonlinectt.pt/usercontent/supermonas/media/images/square/5481e23-225436-img_1662.jpeg
Camisa GLORIA,"28,91 €",https://www.supermonas.pt/product/camisa-gloria,https://cdn.lojasonlinectt.pt/usercontent/supermonas/media/images/square/f3ce474-113737-img_5531.jpeg
Camisa RIQUEZA,"28,91 €",https://www.supermonas.pt/product/camisa-riqueza,https://cdn.lojasonlinectt.pt/usercontent/supermonas/media/images/square/b650cb7-144149-img_5665.jpeg
Camisola ROSANA,"29,90 €",https://www.supermonas.pt/product/camisola-rosana,https://cdn.lojasonlinectt.pt/usercontent/supermonas/media/images/square/c09d31c-121959-img_1267.jpeg
Camisola PALPITANTE,"26,90 €",https://www.supermonas.pt/product/camisola-palpitante,https://cdn.lojasonlinectt.pt/usercontent/supermonas/media/images/square/b5a25d5-143955-img_5624.jpeg
Camisa LA CAUSA,"26,90 €",https://www.supermonas.pt/product/camisa-la-causa,https://cdn.lojasonlinectt.pt/usercontent/supermonas/media/images/square/6e50c64-113919-img_5538.jpeg
Colete ANOCHECER,"46,90 €",https://www.supermonas.pt/product/colete-anochecer,https://cdn.lojasonlinectt.pt/usercontent/supermonas/media/images/square/0e60f98-172448-img_5122.jpeg
Conjunto RAYAS VAQUERAS,"62,90 €",https://www.supermonas.pt/product/conjunto-rayas-vaqueras,https://cdn.lojasonlinectt.pt/usercontent/supermonas/media/images/square/bf9ed53-230156-img_2011.jpeg
Camisola/T-shirt TORTURA - rosa,"29,90 €",https://www.supermonas.pt/product/camisola-t-shirt-tortura-perro,https://cdn.lojasonlinectt.pt/usercontent/supermonas/media/images/square/432261b-170122-img_5139.jpeg
Camisola/T-shirt TORTURA - cinza,"29,90 €",https://www.supermonas.pt/product/camisola-t-shirt-tortura-rosa,https://cdn.lojasonlinectt.pt/usercontent/supermonas/media/images/square/b21b39b-165909-img_5263.jpeg
Camisola/T-shirt TORTURA PERRO,"29,90 €",https://www.supermonas.pt/product/camisola-t-shirt-tortura-cinza,https://cdn.lojasonlinectt.pt/usercontent/supermonas/media/images/square/27b9e4d-165734-img_5177.jpeg
Calças ENTONCES,"28,91 €",https://www.supermonas.pt/product/calcas-entonces,https://cdn.lojasonlinectt.pt/usercontent/supermonas/media/images/square/c412c06-114024-img_5568.jpeg
Top ENTONCES,"24,90 €",https://www.supermonas.pt/product/top-entonces,https://cdn.lojasonlinectt.pt/usercontent/supermonas/media/images/square/c412c06-114024-img_5568.jpeg
Conjunto ENTONCES,"49,90 €",https://www.supermonas.pt/product/conjunto-entonces,https://cdn.lojasonlinectt.pt/usercontent/supermonas/media/images/square/9d8aea3-114029-img_5567.jpeg
Top ENCAJE,"12,90 €",https://www.supermonas.pt/product/top-encaje,https://cdn.lojasonlinectt.pt/usercontent/supermonas/media/images/square/70c97da-130857-img_5245.jpeg
Sweat ME HABLA,"26,90 €",https://www.supermonas.pt/product/sweat-me-habla,https://cdn.lojasonlinectt.pt/usercontent/supermonas/media/images/square/c0e262f-114332-img_5534.jpeg
Camisola CHIQUITA,"22,90 €",https://www.supermonas.pt/product/camisola-chiquita,https://cdn.lojasonlinectt.pt/usercontent/supermonas/media/images/square/2ea72b7-164334-img_5178.jpeg
Camisola UNA RISA,"24,90 €",https://www.supermonas.pt/product/camisola-una-risa,https://cdn.lojasonlinectt.pt/usercontent/supermonas/media/images/square/bebfdf5-145817-130b6e45-c2ac-4299-80b2-db5174342329.jpeg
T-shirt CÁRCEL,"19,90 €",https://www.supermonas.pt/product/t-shirt-carcel,https://cdn.lojasonlinectt.pt/usercontent/supermonas/media/images/square/c25cffa-122304-img_5366.jpeg
Macacão SIN RETOQUES (LUMINA) - rosa,"64,99 €",https://www.supermonas.pt/product/macacao-sin-retoques,https://cdn.lojasonlinectt.pt/usercontent/supermonas/media/images/square/4b03389-191004-img_1895.jpeg
Vestido MIRANDA,"52,90 €",https://www.supermonas.pt/product/vestido-miranda-2,https://cdn.lojasonlinectt.pt/usercontent/supermonas/media/images/square/69f224e-190515-img_1546.jpeg
Camisola RAYAS DE COLOR,"28,91 €",https://www.supermonas.pt/product/camisola-rayas-de-color,https://cdn.lojasonlinectt.pt/usercontent/supermonas/media/images/square/bc3d9fe-114554-img_5560.jpeg
Calças DE DÓNDE VENGO,"34,90 €",https://www.supermonas.pt/product/calcas-de-donde-vengo,https://cdn.lojasonlinectt.pt/usercontent/supermonas/media/images/square/99bec08-132233-img_5060.jpeg
Cinto UN RATO - prata,"9,90 €",https://www.supermonas.pt/product/cinto-un-rato-prata,https://cdn.lojasonlinectt.pt/usercontent/supermonas/media/images/square/b194eb2-130649-img_5003.jpeg
Cinto UN RATO - dourado,"9,90 €",https://www.supermonas.pt/product/cinto-un-rato-dourado,https://cdn.lojasonlinectt.pt/usercontent/supermonas/media/images/square/a5c0ea0-130755-img_5002.jpeg
Cinto VOLANDO VOY - prata,"9,90 €",https://www.supermonas.pt/product/cinto-volando-voy-prata,https://cdn.lojasonlinectt.pt/usercontent/supermonas/media/images/square/a481279-130330-img_4987.jpeg
Cinto VOLANDO VOY - dourado,"9,90 €",https://www.supermonas.pt/product/cinto-volando-voy-dourado,https://cdn.lojasonlinectt.pt/usercontent/supermonas/media/images/square/5460820-130244-img_4985.jpeg
Body OJALÁ - amarelo,"24,90 €",https://www.supermonas.pt/product/body-ojala-amarelo,https://cdn.lojasonlinectt.pt/usercontent/supermonas/media/images/square/618752f-153938-img_5011.jpeg
Body OJALÁ - rosa,"24,90 €",https://www.supermonas.pt/product/body-ojala-rosa,https://cdn.lojasonlinectt.pt/usercontent/supermonas/media/images/square/76b69af-154011-img_5009.jpeg
Colar ROLLO (médio) - prata,"13,00 €",https://www.supermonas.pt/product/colar-rollo-medio-prata,https://cdn.lojasonlinectt.pt/usercontent/supermonas/media/images/square/2322e5b-140838-img_4899.jpeg
Colar QUIÉN ERES,"20,00 €",https://www.supermonas.pt/product/colar-quien-eres,https://cdn.lojasonlinectt.pt/usercontent/supermonas/media/images/square/3b04e11-140613-img_4875.jpeg
Colar EL MAYOR,"15,50 €",https://www.supermonas.pt/product/colar-el-mayor,https://cdn.lojasonlinectt.pt/usercontent/supermonas/media/images/square/e42c760-140246-img_4894.jpeg
Colar CHICA DE AYER,"14,00 €",https://www.supermonas.pt/product/colar-chica-de-ayer,https://cdn.lojasonlinectt.pt/usercontent/supermonas/media/images/square/a5e486e-135848-img_4884.jpeg
Colar MI GRAN NOCHE,"13,00 €",https://www.supermonas.pt/product/colar-mi-gran-noche,https://cdn.lojasonlinectt.pt/usercontent/supermonas/media/images/square/3ba6072-135352-img_4904.jpeg
Colar ENTRE DOS TIERRAS,"13,00 €",https://www.supermonas.pt/product/colar-entre-dos-tierras,https://cdn.lojasonlinectt.pt/usercontent/supermonas/media/images/square/3764383-135220-img_4888.jpeg
Colar VIVIR SIN AIRE,"15,01 €",https://www.supermonas.pt/product/colar-vivir-sin-aire,https://cdn.lojasonlinectt.pt/usercontent/supermonas/media/images/square/2b416f1-134517-img_4898.jpeg
Colar CON ALTURA,"15,01 €",https://www.supermonas.pt/product/colar-con-altura,https://cdn.lojasonlinectt.pt/usercontent/supermonas/media/images/square/bb12e11-134349-img_4878.jpeg
Calças TE GUSTA,"44,90 €",https://www.supermonas.pt/product/calcas-te-gusta,https://cdn.lojasonlinectt.pt/usercontent/supermonas/media/images/square/7a25b54-121735-img_4862.jpeg
Camisola ¿QUIÉN SOY?,"22,90 €",https://www.supermonas.pt/product/camisola-quien-soy,https://cdn.lojasonlinectt.pt/usercontent/supermonas/media/images/square/44b4559-154842-img_4964.jpeg
T-shirt ILOS DORADOS,"32,90 €",https://www.supermonas.pt/product/t-shirt-ilos-dorados,https://cdn.lojasonlinectt.pt/usercontent/supermonas/media/images/square/ee87e50-122032-img_4864.jpeg
T-shirt GAFAS DORADA,"19,90 €",https://www.supermonas.pt/product/t-shirt-gafas-dorada-2,https://cdn.lojasonlinectt.pt/usercontent/supermonas/media/images/square/074d556-171557-37d5caff-bc07-4c6f-bcf9-4cd1fd4ab7ce.jpeg
T-shirt SALCHICHA,"19,90 €",https://www.supermonas.pt/product/t-shirt-salchicha,https://cdn.lojasonlinectt.pt/usercontent/supermonas/media/images/square/5141596-171725-ee928f46-6941-453b-bf09-59173c257897.jpeg
T-shirt GAFAS PLATA,"19,90 €",https://www.supermonas.pt/product/t-shirt-gafas-plata,https://cdn.lojasonlinectt.pt/usercontent/supermonas/media/images/square/cc163e4-171651-577a7df3-ffcd-4a62-b39a-6e210a77b3f9.jpeg
Top NO ESTOY POR AHÍ - branco,"25,90 €",https://www.supermonas.pt/product/top-no-estoy-por-ahi-2,https://cdn.lojasonlinectt.pt/usercontent/supermonas/media/images/square/76cd791-185132-img_0982.jpeg
Top NO ESTOY POR AHÍ - PRETO,"25,90 €",https://www.supermonas.pt/product/top-no-estoy-por-ahi,https://cdn.lojasonlinectt.pt/usercontent/supermonas/media/images/square/9dc3611-172813-img_4674.jpeg
Calças VEN CONMIGO,"39,90 €",https://www.supermonas.pt/product/calcas-vem-conmigo,https://cdn.lojasonlinectt.pt/usercontent/supermonas/media/images/square/dd16bf7-165030-img_0868.jpeg
Body TROPIEZO - preto,"24,90 €",https://www.supermonas.pt/product/body-tropiezo-preto,https://cdn.lojasonlinectt.pt/usercontent/supermonas/media/images/square/1c9edb9-165107-img_0854.jpeg
Conjunto JARDÍN PROHIBIDO,"62,90 €",https://www.supermonas.pt/product/calcas-jardin-prohibido-conjunto,https://cdn.lojasonlinectt.pt/usercontent/supermonas/media/images/square/96db2a1-165158-img_0853.jpeg
Calças JARDÍN PROHIBIDO,"34,90 €",https://www.supermonas.pt/product/calcas-jardin-prohibido,https://cdn.lojasonlinectt.pt/usercontent/supermonas/media/images/square/96db2a1-165158-img_0853.jpeg
Top/Túnica JARDÍN PROHIBIDO,"32,90 €",https://www.supermonas.pt/product/top-tunica-jardin-prohibido,https://cdn.lojasonlinectt.pt/usercontent/supermonas/media/images/square/96db2a1-165158-img_0853.jpeg
Calças VAMOS A BAILAR - rosa,"34,90 €",https://www.supermonas.pt/product/calcas-vamos-a-bailar-rosa,https://cdn.lojasonlinectt.pt/usercontent/supermonas/media/images/square/dd0230c-165405-img_0865.jpeg
Calças VAMOS A BAILAR - amarela,"34,90 €",https://www.supermonas.pt/product/calcas-vamos-a-bailar-2,https://cdn.lojasonlinectt.pt/usercontent/supermonas/media/images/square/c514f5d-165456-img_0864.jpeg
Conjunto NO TE CONTÉ,"68,90 €",https://www.supermonas.pt/product/conjunto-no-te-conte,https://cdn.lojasonlinectt.pt/usercontent/supermonas/media/images/square/632cdf2-163126-img_4161.jpeg
T-shirt EN UN MINUTO,"16,90 €",https://www.supermonas.pt/product/t-shirt-en-un-minuto,https://cdn.lojasonlinectt.pt/usercontent/supermonas/media/images/square/df88989-130341-img_4554.jpeg
Camisa SI ALGUNA VEZ,"35,90 €",https://www.supermonas.pt/product/camisa-si-alguna-vez,https://cdn.lojasonlinectt.pt/usercontent/supermonas/media/images/square/6c2f362-130453-img_4542.jpeg
T-shirt MI MORENA,"19,90 €",https://www.supermonas.pt/product/t-shirt-mi-morena,https://cdn.lojasonlinectt.pt/usercontent/supermonas/media/images/square/bbee1df-130256-img_4548.jpeg
Camisola CORAZÓN DE MELÓN,"24,90 €",https://www.supermonas.pt/product/camisola-corazon-de-melon,https://cdn.lojasonlinectt.pt/usercontent/supermonas/media/images/square/d4b1822-130212-img_4547.jpeg
Colete ALGO SENCILLITO,"42,90 €",https://www.supermonas.pt/product/colete-algo-sencillito,https://cdn.lojasonlinectt.pt/usercontent/supermonas/media/images/square/6fdae7a-121717-img_4501.jpeg
Macacão UNA DESGRACIA - pérola,"56,90 €",https://www.supermonas.pt/product/macacao-una-desgracia-2,https://cdn.lojasonlinectt.pt/usercontent/supermonas/media/images/square/6562d26-225712-img_1960.jpeg
Camisola GALLERÍA,"44,90 €",https://www.supermonas.pt/product/camisola-galleria,https://cdn.lojasonlinectt.pt/usercontent/supermonas/media/images/square/98f175c-163843-036c790f-6da5-42fa-ba29-351265efdccc.jpeg
Calças HAZLO - cinza,"43,90 €",https://www.supermonas.pt/product/calcas-hazlo-2,https://cdn.lojasonlinectt.pt/usercontent/supermonas/media/images/square/f141408-163725-5bcbf6ab-919b-466a-ba32-f6818e1330d5.jpeg
Cinto/Colar ALGO MÁS,"28,91 €",https://www.supermonas.pt/product/cinto-colar-algo-mas,https://cdn.lojasonlinectt.pt/usercontent/supermonas/media/images/square/fc16d32-132742-img_4343.jpeg
Cinto/Colar CONEJO,"25,90 €",https://www.supermonas.pt/product/cinto-colar-conejo,https://cdn.lojasonlinectt.pt/usercontent/supermonas/media/images/square/3a13e33-132348-img_4327.jpeg
Cinto/Colar REAL,"25,90 €",https://www.supermonas.pt/product/cinto-colar-real,https://cdn.lojasonlinectt.pt/usercontent/supermonas/media/images/square/766f26b-132237-img_4313.jpeg
Colar LA REINA,"32,90 €",https://www.supermonas.pt/product/colar-la-reina,https://cdn.lojasonlinectt.pt/usercontent/supermonas/media/images/square/57949ee-130430-img_4307.jpeg
Pulseira BUENA SUERTE,"24,90 €",https://www.supermonas.pt/product/pulseira-buena-suerte,https://cdn.lojasonlinectt.pt/usercontent/supermonas/media/images/square/6b02e06-130054-img_4302.jpeg
Pulseira AMOR MÍO,"22,90 €",https://www.supermonas.pt/product/pulseira-amor-mio,https://cdn.lojasonlinectt.pt/usercontent/supermonas/media/images/square/8137d24-130024-img_4299.jpeg
Camisola PLUMÓN (LUMINA) - branca,"32,90 €",https://www.supermonas.pt/product/camisola-plumon-2,https://cdn.lojasonlinectt.pt/usercontent/supermonas/media/images/square/ed34227-124100-img_0481.jpeg
Camisola ADORNOS (LUMINA) - branca,"32,90 €",https://www.supermonas.pt/product/camisola-adornos-2,https://cdn.lojasonlinectt.pt/usercontent/supermonas/media/images/square/800667b-124508-img_0587.jpeg
Blazer NO ME LLAMES (MOCHY) - preto,"34,90 €",https://www.supermonas.pt/product/blazer-no-me-llames-mochy-preto,https://cdn.lojasonlinectt.pt/usercontent/supermonas/media/images/square/c2150db-121819-img_0684.jpeg
Camisa ESPALDA LIBRE - branca,"34,90 €",https://www.supermonas.pt/product/camisa-espalda-libre-branca,https://cdn.lojasonlinectt.pt/usercontent/supermonas/media/images/square/6fc5473-161937-img_4147.jpeg
Camisa MANOS LARGAS preta,"34,90 €",https://www.supermonas.pt/product/camisa-manos-largas-3,https://cdn.lojasonlinectt.pt/usercontent/supermonas/media/images/square/c977c28-161830-img_4155.jpeg
Camisa ESPALDA LIBRE - preta,"34,90 €",https://www.supermonas.pt/product/camisa-espalda-libre-preta,https://cdn.lojasonlinectt.pt/usercontent/supermonas/media/images/square/76246f6-161615-img_4139.jpeg
Camisa MANOS LARGAS - branca,"34,90 €",https://www.supermonas.pt/product/camisa-manos-largas-branca,https://cdn.lojasonlinectt.pt/usercontent/supermonas/media/images/square/2b7f6da-161250-img_4131.jpeg
Blazer CUIDO DE TI,"86,90 €",https://www.supermonas.pt/product/blazer-cuido-de-ti,https://cdn.lojasonlinectt.pt/usercontent/supermonas/media/images/square/3a42400-171608-ceb411b3-5d3f-468b-a367-a849c25d635d.jpeg
Casaco ME DUELE,"79,90 €",https://www.supermonas.pt/product/casaco-me-duele,https://cdn.lojasonlinectt.pt/usercontent/supermonas/media/images/square/c594356-171426-855d58cb-af1e-4927-be18-a3f5a35d3b65.jpeg
Calças HAZLO - brancas,"43,90 €",https://www.supermonas.pt/product/calcas-hazlo,https://cdn.lojasonlinectt.pt/usercontent/supermonas/media/images/square/3fb401d-171728-88e01d8a-ec7f-41b7-9dfb-b295630a506a.jpeg
Blazer MEJOR DE TI,"69,90 €",https://www.supermonas.pt/product/blazer-mejor-de-ti,https://cdn.lojasonlinectt.pt/usercontent/supermonas/media/images/square/f3aa42c-171327-4dd64847-16a2-4a03-9f30-3ec1f64a6ddc.jpeg
Vestido INOLVIDABLE,"56,90 €",https://www.supermonas.pt/product/vestido-inolvidable-3,https://cdn.lojasonlinectt.pt/usercontent/supermonas/media/images/square/a5dcbd1-200704-img_0162.jpeg
Calças VAMOS A BAILAR - bege,"34,90 €",https://www.supermonas.pt/product/calcas-vamos-a-bailar,https://cdn.lojasonlinectt.pt/usercontent/supermonas/media/images/square/cc41a8a-122850-img_0323.jpeg
Calças NO TE CONFUNDAS,"39,90 €",https://www.supermonas.pt/product/calcas-no-te-confundas,https://cdn.lojasonlinectt.pt/usercontent/supermonas/media/images/square/95cc04f-123443-98cb8f56-baa2-46f5-82b4-2243fbaca67c.jpeg
Camisola ADORNOS (LUMINA) - preta,"32,90 €",https://www.supermonas.pt/product/camisola-adornos,https://cdn.lojasonlinectt.pt/usercontent/supermonas/media/images/square/a81fdee-124714-img_0514.jpeg
Camisola PLUMÓN (LUMINA)- preta,"32,90 €",https://www.supermonas.pt/product/camisola-plumon,https://cdn.lojasonlinectt.pt/usercontent/supermonas/media/images/square/19a4c3e-124343-img_0541.jpeg
Top ME AYUDE,"18,91 €",https://www.supermonas.pt/product/top-me-ayude,https://cdn.lojasonlinectt.pt/usercontent/supermonas/media/images/square/c38e68a-125322-img_0300.jpeg
Top SUSPIRO,"14,90 €",https://www.supermonas.pt/product/top-suspiro,https://cdn.lojasonlinectt.pt/usercontent/supermonas/media/images/square/8387f74-154311-img_5016.jpeg
Calças NO TE CONTÉ,"39,90 €",https://www.supermonas.pt/product/calcas-no-te-conte,https://cdn.lojasonlinectt.pt/usercontent/supermonas/media/images/square/0256778-163232-img_4164.jpeg
Top NO TE CONTÉ,"32,90 €",https://www.supermonas.pt/product/top-no-te-conte,https://cdn.lojasonlinectt.pt/usercontent/supermonas/media/images/square/59d45ad-163128-img_4166.jpeg
Camisola de malha MAMACITA,"34,90 €",https://www.supermonas.pt/product/camisola-de-malha-mamacita,https://cdn.lojasonlinectt.pt/usercontent/supermonas/media/images/square/28fba66-212902-59ac29a5-5aa8-43c6-a365-4d90470cfd57.jpeg
Boné CON AMOR,"32,90 €",https://www.supermonas.pt/product/bone-con-amor,https://cdn.lojasonlinectt.pt/usercontent/supermonas/media/images/square/a8996d1-152932-2933287a-afd6-4afa-afe3-4f2fcfa3a6b7.jpeg
Boné ANGEL,"32,90 €",https://www.supermonas.pt/product/bone-angel,https://cdn.lojasonlinectt.pt/usercontent/supermonas/media/images/square/721fcd3-152704-caf722fa-f853-4c34-8d56-7e174417b464.jpeg
Boné MARIPOSA,"38,90 €",https://www.supermonas.pt/product/bone-mariposa,https://cdn.lojasonlinectt.pt/usercontent/supermonas/media/images/square/bb9619d-152509-1671fb2b-f400-410c-a179-e2398a2f1742.jpeg
Boné LAZO,"38,90 €",https://www.supermonas.pt/product/bone-lazo,https://cdn.lojasonlinectt.pt/usercontent/supermonas/media/images/square/e29acfb-152339-d60064d4-1384-4d62-b8b0-58c667fc05af.jpeg
Calças RAYITAS - rosa/vermelho,"42,90 €",https://www.supermonas.pt/product/calcas-rayitas-rosa-castanho-2,https://cdn.lojasonlinectt.pt/usercontent/supermonas/media/images/square/df181c8-100959-afea8679-55ab-4d87-bcde-83bcf8627a8e.jpeg
Calças RAYITAS - rosa/castanho,"42,90 €",https://www.supermonas.pt/product/calcas-rayitas-rosa-castanho,https://cdn.lojasonlinectt.pt/usercontent/supermonas/media/images/square/fdfd5c3-183420-62a226e3-bf68-446a-b779-184c5604f079.jpeg
Calças RAYO DE LUZ (LUMINA),"42,90 €",https://www.supermonas.pt/product/calcas-rayo-de-luz-lumina,https://cdn.lojasonlinectt.pt/usercontent/supermonas/media/images/square/0d9ae87-183343-77435332-0b03-4ae9-a16e-f7bb40138105.jpeg
Casaco RAYO DE LUZ (LUMINA),"46,90 €",https://www.supermonas.pt/product/casaco-rayo-de-luz-lumina,https://cdn.lojasonlinectt.pt/usercontent/supermonas/media/images/square/ceb2d4b-132802-img_1498.jpeg
Blazer ME ENSEÑASTE (LUMINA),"66,90 €",https://www.supermonas.pt/product/blazer-me-ensenaste-lumina,https://cdn.lojasonlinectt.pt/usercontent/supermonas/media/images/square/cdf2835-183203-a32ea2da-e84f-4c05-80b5-807c9ca3ef79.jpeg
Blazer EN TUS MANOS (LUMINA) - branco,"89,90 €",https://www.supermonas.pt/product/blazer-en-tus-manos-lumina-2,https://cdn.lojasonlinectt.pt/usercontent/supermonas/media/images/square/ac2b8e3-103856-7eca3f51-984a-4af8-b488-dbd9e149e605.jpeg
Body OJALÁ - branco,"24,90 €",https://www.supermonas.pt/product/body-ojala-preto-2,https://cdn.lojasonlinectt.pt/usercontent/supermonas/media/images/square/047d844-195609-9b302b87-6d57-495c-bc98-c50257f45e1f.jpeg
Body OJALÁ - preto,"24,90 €",https://www.supermonas.pt/product/body-ojala-preto,https://cdn.lojasonlinectt.pt/usercontent/supermonas/media/images/square/af11d1e-195641-9b302b87-6d57-495c-bc98-c50257f45e1f.jpeg
Fato de treino EN OTRA VIDA (MOCHY),"59,90 €",https://www.supermonas.pt/product/fato-de-treino-en-otra-vida-mochy,https://cdn.lojasonlinectt.pt/usercontent/supermonas/media/images/square/21e9b42-124216-img_0061.jpeg
Camisa BESOS Y ABRAZOS,"36,90 €",https://www.supermonas.pt/product/camisa-besos-y-abrazos,https://cdn.lojasonlinectt.pt/usercontent/supermonas/media/images/square/dbbd428-111317-58438a94-9073-47ae-90f5-cf1f02531d14.jpeg
Body AIRE QUE RESPIRO - castanho,"24,90 €",https://www.supermonas.pt/product/body-aire-que-respiro-preto-3,https://cdn.lojasonlinectt.pt/usercontent/supermonas/media/images/square/d67d9ca-110835-bb41c788-b977-42de-b367-9f175da72452.jpeg
Calças AVENTURERA (LUMINA) - pérola,"42,90 €",https://www.supermonas.pt/product/calcas-aventurera-lumina-cinza-2,https://cdn.lojasonlinectt.pt/usercontent/supermonas/media/images/square/4a17db8-171606-00861884-feee-482c-af32-183d069e8372.jpeg
Calças AVENTURERA (LUMINA) cinza,"42,90 €",https://www.supermonas.pt/product/calcas-aventurera-lumina-cinza,https://cdn.lojasonlinectt.pt/usercontent/supermonas/media/images/square/90dd6d4-171543-beffd6f2-d5f0-4142-be68-143992047898.jpeg
Colar RETIRO - taupe,"15,00 €",https://www.supermonas.pt/product/colar-retiro-perola-2,https://cdn.lojasonlinectt.pt/usercontent/supermonas/media/images/square/b694f83-184819-19bc3868-70db-42e7-a7cd-e2772af35641.jpeg
Colar RETIRO - pérola,"15,00 €",https://www.supermonas.pt/product/colar-retiro-perola,https://cdn.lojasonlinectt.pt/usercontent/supermonas/media/images/square/8da9521-184750-15c60147-8565-4425-ac67-c5c6b4c58e38.jpeg
Calças VOLVEREMOS,"32,90 €",https://www.supermonas.pt/product/calcas-volveremos,https://cdn.lojasonlinectt.pt/usercontent/supermonas/media/images/square/bed197c-180400-30b4dea1-906a-41ad-9e7d-082bab00553a.jpeg
Vestido/Camiseiro TE INVITO A SALIR,"32,90 €",https://www.supermonas.pt/product/vestido-camiseiro-te-invito-a-salir,https://cdn.lojasonlinectt.pt/usercontent/supermonas/media/images/square/2e48ca2-181113-img_3623.jpeg
Calças TE INVITO A SALIR,"26,90 €",https://www.supermonas.pt/product/calcas-te-invito-a-salir,https://cdn.lojasonlinectt.pt/usercontent/supermonas/media/images/square/200ba47-180908-img_3621.jpeg
Calças RECÍCLAME,"32,90 €",https://www.supermonas.pt/product/calcas-reciclame,https://cdn.lojasonlinectt.pt/usercontent/supermonas/media/images/square/08045b7-180819-img_3624.jpeg
Macacão UNA DESGRACIA,"56,90 €",https://www.supermonas.pt/product/macacao-una-desgracia,https://cdn.lojasonlinectt.pt/usercontent/supermonas/media/images/square/bd3357f-170154-img_9669.jpeg
Calças ENSALADILLA RUSA,"32,90 €",https://www.supermonas.pt/product/calcas-ensaladilla-rusa,https://cdn.lojasonlinectt.pt/usercontent/supermonas/media/images/square/30adeba-165029-img_9663.jpeg
Calças GRECO castanho,"28,90 €",https://www.supermonas.pt/product/calcas-greco-castanho,https://cdn.lojasonlinectt.pt/usercontent/supermonas/media/images/square/a7c930d-163546-img_9656.jpeg
Calças GRECO pérola,"28,90 €",https://www.supermonas.pt/product/calcas-greco-perola,https://cdn.lojasonlinectt.pt/usercontent/supermonas/media/images/square/3809d1e-163629-img_9658.jpeg
Vestido UNA CITA PERFECTA,"26,90 €",https://www.supermonas.pt/product/vestido-una-cita-perfecta,https://cdn.lojasonlinectt.pt/usercontent/supermonas/media/images/square/74db171-214456-cef86cca-654e-403c-a2b9-5302675f572f.jpeg
Colete MI NUEVO SER,"29,90 €",https://www.supermonas.pt/product/colete-mi-nuevo-ser,https://cdn.lojasonlinectt.pt/usercontent/supermonas/media/images/square/92b8bf1-221726-img_9313.jpeg
Camisa VIRGEN NUESTRA,"19,90 €",https://www.supermonas.pt/product/camisa-virgen-nuestra,https://cdn.lojasonlinectt.pt/usercontent/supermonas/media/images/square/6363a84-221355-img_9310.jpeg
Camisa VENTANILLA,"26,90 €",https://www.supermonas.pt/product/camisa-ventanilla,https://cdn.lojasonlinectt.pt/usercontent/supermonas/media/images/square/0ef14a4-221043-img_9221.jpeg
Sweat VINTAGE,"32,90 €",https://www.supermonas.pt/product/sweat-vintage,https://cdn.lojasonlinectt.pt/usercontent/supermonas/media/images/square/ee1fe29-230724-img_9842.jpeg
Body QUÉ CALOR,"14,90 €",https://www.supermonas.pt/product/body-que-calor,https://cdn.lojasonlinectt.pt/usercontent/supermonas/media/images/square/7a40bf2-220441-img_9286.jpeg
Body MAR AZUL,"18,95 €",https://www.supermonas.pt/product/body-mar-azul,https://cdn.lojasonlinectt.pt/usercontent/supermonas/media/images/square/3e59397-220419-img_9291.jpeg
Top OTRA COSA ES OTRA COSA (LUMINA),"36,90 €",https://www.supermonas.pt/product/top-otra-cosa-es-otra-cosa-lumina,https://cdn.lojasonlinectt.pt/usercontent/supermonas/media/images/square/cbab2de-215515-6e8aa109-e560-406e-90b3-9da61f0c74c0.jpeg
Calças UNA COSA ES UNA COSA (LUMINA),"52,90 €",https://www.supermonas.pt/product/calcas-una-cosa-es-una-cosa,https://cdn.lojasonlinectt.pt/usercontent/supermonas/media/images/square/cb9e256-215514-b3c09b1b-a9fd-41e8-89d9-913b079bee03.jpeg
Calças SIN AZÚCAR (LUMINA),"56,90 €",https://www.supermonas.pt/product/calcas-sin-azucar-lumina,https://cdn.lojasonlinectt.pt/usercontent/supermonas/media/images/square/5b88157-215134-ebb1e9b6-60c0-43de-8706-f17f1a7a311e.jpeg
Calças EL TENTADERO,"46,90 €",https://www.supermonas.pt/product/calcas-el-tentadero,https://cdn.lojasonlinectt.pt/usercontent/supermonas/media/images/square/f06a2d6-154255-img_4074.jpeg
Camisa CAMINOS ESTRECHOS,"42,90 €",https://www.supermonas.pt/product/camisa-caminos-estrechos,https://cdn.lojasonlinectt.pt/usercontent/supermonas/media/images/square/29cdbb8-213109-img_9238.jpeg
Calças DEMASIADO TARDE - cinza,"36,90 €",https://www.supermonas.pt/product/calcas-demasiado-tarde-2,https://cdn.lojasonlinectt.pt/usercontent/supermonas/media/images/square/6470fd0-212747-img_9231.jpeg
Gabardina PELIGROSA,"74,99 €",https://www.supermonas.pt/product/gabardina-peligrosa,https://cdn.lojasonlinectt.pt/usercontent/supermonas/media/images/square/776df5d-164439-img_9192.jpeg
Calças LATERAL,"49,90 €",https://www.supermonas.pt/product/calcas-lateral,https://cdn.lojasonlinectt.pt/usercontent/supermonas/media/images/square/140c245-163904-img_9176.jpeg
Corpete VIDA LOCA,"34,90 €",https://www.supermonas.pt/product/corpete-vida-loca,https://cdn.lojasonlinectt.pt/usercontent/supermonas/media/images/square/b7326df-163239-img_9156.jpeg
Calças LANZAROTE,"34,90 €",https://www.supermonas.pt/product/calcas-lanzarote-2,https://cdn.lojasonlinectt.pt/usercontent/supermonas/media/images/square/01cbbf8-171119-img_3323.jpeg
Casaco POR LAS CALLES,"36,90 €",https://www.supermonas.pt/product/casaco-por-las-calles,https://cdn.lojasonlinectt.pt/usercontent/supermonas/media/images/square/9b573c5-121329-d6d2f56d-a0c5-4887-98fd-0f4ac8fee6ef.jpeg
Macacão ES QUE LO PUEDO,"32,90 €",https://www.supermonas.pt/product/macacao-es-que-lo-puedo,https://cdn.lojasonlinectt.pt/usercontent/supermonas/media/images/square/4b5fcf8-183350-img_8974.jpeg
Macacão ME HICISTE SONREÍR,"42,90 €",https://www.supermonas.pt/product/macacao-me-hiciste-sonreir,https://cdn.lojasonlinectt.pt/usercontent/supermonas/media/images/square/ad014ac-183321-img_8975.jpeg
Vestido A TU AMOR amarelo - (MOCHY),"52,90 €",https://www.supermonas.pt/product/vestido-a-tu-amor-perola-mochy-2,https://cdn.lojasonlinectt.pt/usercontent/supermonas/media/images/square/34cb5cb-182742-img_8933.jpeg
Vestido A TU AMOR PÉROLA - (MOCHY),"52,90 €",https://www.supermonas.pt/product/vestido-a-tu-amor-perola-mochy,https://cdn.lojasonlinectt.pt/usercontent/supermonas/media/images/square/729f313-182817-img_8930.jpeg
Top ME CANSO DE ESPERAR - preto (MOCHY),"32,90 €",https://www.supermonas.pt/product/top-me-canso-de-esperar-bordeaux-mochy-2,https://cdn.lojasonlinectt.pt/usercontent/supermonas/media/images/square/888c9e8-181339-img_8926.jpeg
Top ME CANSO DE ESPERAR - bordeaux (MOCHY),"32,90 €",https://www.supermonas.pt/product/top-me-canso-de-esperar-bordeaux-mochy,https://cdn.lojasonlinectt.pt/usercontent/supermonas/media/images/square/8b6d070-181246-img_8924.jpeg
Calças ME PONEN CELOSA - (MOCHY),"32,90 €",https://www.supermonas.pt/product/calcas-me-ponen-celosa,https://cdn.lojasonlinectt.pt/usercontent/supermonas/media/images/square/9fb6d6b-180521-img_8921.jpeg
Blazer CARA TONTA (MOCHY),"56,90 €",https://www.supermonas.pt/product/blazer-cara-tonta,https://cdn.lojasonlinectt.pt/usercontent/supermonas/media/images/square/17d5326-175606-img_8969.png
Camisola BALA PERDIDA - pérola (MOCHY),"19,90 €",https://www.supermonas.pt/product/camisola-bala-perdida-preta-mochy-2,https://cdn.lojasonlinectt.pt/usercontent/supermonas/media/images/square/12c8498-175204-img_8965.png
Camisola BALA PERDIDA - preta (MOCHY),"19,90 €",https://www.supermonas.pt/product/camisola-bala-perdida-preta-mochy,https://cdn.lojasonlinectt.pt/usercontent/supermonas/media/images/square/a388a3e-174829-img_8967.jpeg
Vestido SOMOS INCREÍBLES - castanho (MOCHY),"49,90 €",https://www.supermonas.pt/product/vestido-somos-increibles-castanho-mochy,https://cdn.lojasonlinectt.pt/usercontent/supermonas/media/images/square/5b36f51-174223-img_8964.jpeg
Conjunto NO ME LLAMES - preto (MOCHY),"99,90 €",https://www.supermonas.pt/product/conjunto-no-me-llames-caqui-mochy-2,https://cdn.lojasonlinectt.pt/usercontent/supermonas/media/images/square/13a2aae-191112-img_8918.jpeg
Conjunto NO ME LLAMES - caqui (MOCHY),"99,90 €",https://www.supermonas.pt/product/conjunto-no-me-llames-caqui-mochy,https://cdn.lojasonlinectt.pt/usercontent/supermonas/media/images/square/eb0c024-191001-c516106c-ed32-4aaa-9bb2-9fdf7bbf7395.jpeg
Body AIRE QUE RESPIRO - pérola,"24,90 €",https://www.supermonas.pt/product/body-aire-que-respiro-preto-2,https://cdn.lojasonlinectt.pt/usercontent/supermonas/media/images/square/3102b23-190608-bb41c788-b977-42de-b367-9f175da72452.jpeg
Body AIRE QUE RESPIRO - preto,"24,90 €",https://www.supermonas.pt/product/body-aire-que-respiro-preto,https://cdn.lojasonlinectt.pt/usercontent/supermonas/media/images/square/7f89968-190539-bb41c788-b977-42de-b367-9f175da72452.jpeg
Gabardina TONTERÍA (LUMINA),"109,90 €",https://www.supermonas.pt/product/gabardina-tonteria-lumina,https://cdn.lojasonlinectt.pt/usercontent/supermonas/media/images/square/27a73e6-173130-c09b4eae-6249-494d-a4b7-6d3657e8615a.jpeg
Blazer EN TUS MANOS (LUMINA) - amarelo,"89,90 €",https://www.supermonas.pt/product/blazer-en-tus-manos-lumina,https://cdn.lojasonlinectt.pt/usercontent/supermonas/media/images/square/aa4f606-103449-b6d3ca39-ef73-454c-bfd4-d4c732a929e3.jpeg
Calças ganga QUIÉN ERAS TÚ,"59,90 €",https://www.supermonas.pt/product/calcas-ganga-quien-eras-tu,https://cdn.lojasonlinectt.pt/usercontent/supermonas/media/images/square/4c79033-101946-49ffac9b-804a-4c65-9e44-dc3c4b76d1a5.jpeg
Body A LA VEZ,"12,90 €",https://www.supermonas.pt/product/body-a-la-vez,https://cdn.lojasonlinectt.pt/usercontent/supermonas/media/images/square/8726c7a-143939-img_8196.jpeg
Calças DEMASIADO TARDE - brancas,"36,90 €",https://www.supermonas.pt/product/calcas-demasiado-tarde,https://cdn.lojasonlinectt.pt/usercontent/supermonas/media/images/square/cf9462a-143459-img_8166.jpeg
CALÇAS EL PISO ABAJO,"33,90 €",https://www.supermonas.pt/product/calcas-el-piso-abajo,https://cdn.lojasonlinectt.pt/usercontent/supermonas/media/images/square/97aeed7-120020-img_8110.jpeg
Casaco SIN DESTINO,"72,90 €",https://www.supermonas.pt/product/casaco-sin-destino,https://cdn.lojasonlinectt.pt/usercontent/supermonas/media/images/square/38645bf-170857-4f2de1cb-9852-4700-8b33-b4b5aa255fff.jpeg
Blazer CREMALLERA (MOCHY) - branco,"62,90 €",https://www.supermonas.pt/product/blazer-cremallera-mochy-branco,https://cdn.lojasonlinectt.pt/usercontent/supermonas/media/images/square/2a6443c-123153-img_0290.jpeg
Calças LA COPA PERDIDA - pérola,"32,90 €",https://www.supermonas.pt/product/calcas-la-copa-perdida-preto-4,https://cdn.lojasonlinectt.pt/usercontent/supermonas/media/images/square/5029ecc-150242-img_7862.jpeg
Lenços (DIVERSOS),"9,90 €",https://www.supermonas.pt/product/lencos-diversos,https://cdn.lojasonlinectt.pt/usercontent/supermonas/media/images/square/afe7e46-142230-img_2196.jpeg
Pulseiras (DIVERSAS),"8,91 €",https://www.supermonas.pt/product/pulseiras-diversas,https://cdn.lojasonlinectt.pt/usercontent/supermonas/media/images/square/9ddf0d7-200808-img_4425.jpeg
Brincos ME GUSTA,"12,00 €",https://www.supermonas.pt/product/brincos-me-gusta,https://cdn.lojasonlinectt.pt/usercontent/supermonas/media/images/square/3bec1ee-092021-img_2159.jpeg
Brincos TE QUEDA BIEN,"12,00 €",https://www.supermonas.pt/product/brincos-que-diferente-2,https://cdn.lojasonlinectt.pt/usercontent/supermonas/media/images/square/93b85ea-091841-img_2160.jpeg
Brincos LOS TRES,"12,00 €",https://www.supermonas.pt/product/brincos-los-tres,https://cdn.lojasonlinectt.pt/usercontent/supermonas/media/images/square/22ffe6e-104341-img_2127.jpeg
Brincos ALGO COMÚN,"12,00 €",https://www.supermonas.pt/product/brincos-algo-comun,https://cdn.lojasonlinectt.pt/usercontent/supermonas/media/images/square/c630ab2-104201-img_2125.jpeg
Brincos MUY BIEN,"12,00 €",https://www.supermonas.pt/product/brincos-muy-bien,https://cdn.lojasonlinectt.pt/usercontent/supermonas/media/images/square/e6f3edd-104038-img_2123.jpeg
Brincos CUMPLEAÑOS,"12,00 €",https://www.supermonas.pt/product/brincos-cumpleanos,https://cdn.lojasonlinectt.pt/usercontent/supermonas/media/images/square/89851ce-103932-img_2119.jpeg
Colar LA ESTRELLA,"12,00 €",https://www.supermonas.pt/product/colar-la-estrella,https://cdn.lojasonlinectt.pt/usercontent/supermonas/media/images/square/c824e7d-155648-img_1859.jpeg
Colar SENCILLO,"16,00 €",https://www.supermonas.pt/product/colar-sencillo,https://cdn.lojasonlinectt.pt/usercontent/supermonas/media/images/square/44277f5-154357-img_1856.jpeg
Casaco EL GADO BRAVO,"52,90 €",https://www.supermonas.pt/product/casaco-el-gado-bravo,https://cdn.lojasonlinectt.pt/usercontent/supermonas/media/images/square/7c9170b-121838-img_1836.jpeg
Body LA COSA MÁS CHIQUITITA,"18,32 €22,90 €",https://www.supermonas.pt/product/body-la-cosa-mas-chiquitita,https://cdn.lojasonlinectt.pt/usercontent/supermonas/media/images/square/d035429-114025-img_1821.jpeg
Colar ROLLO - dourado,"14,00 €",https://www.supermonas.pt/product/colar-rollo-2,https://cdn.lojasonlinectt.pt/usercontent/supermonas/media/images/square/e2a0a03-154525-img_1853.jpeg
Blazer CREMALLERA (MOCHY) - castanho,"62,90 €",https://www.supermonas.pt/product/blazer-cremallera-mochy-2,https://cdn.lojasonlinectt.pt/usercontent/supermonas/media/images/square/3854924-123330-img_0354.jpeg
Blazer MADRE MÍA - preto,"66,90 €",https://www.supermonas.pt/product/blazer-madre-mia-2,https://cdn.lojasonlinectt.pt/usercontent/supermonas/media/images/square/3af57ab-141141-img_7833.jpeg
Blazer EL BRILLO DE ELENA,"36,90 €",https://www.supermonas.pt/product/blazer-el-brillo-de-elena,https://cdn.lojasonlinectt.pt/usercontent/supermonas/media/images/square/b844d3b-140719-img_7829.jpeg
Calças LA COPA PERDIDA - bordeaux,"32,90 €",https://www.supermonas.pt/product/calcas-la-copa-perdida-preto-3,https://cdn.lojasonlinectt.pt/usercontent/supermonas/media/images/square/0ef0a28-140516-img_7826.jpeg
Calças LA COPA PERDIDA - preto,"32,90 €",https://www.supermonas.pt/product/calcas-la-copa-perdida-preto,https://cdn.lojasonlinectt.pt/usercontent/supermonas/media/images/square/050b89c-140100-img_7823.jpeg
Camisola NOS VAMOS TODAS - branca,"26,90 €",https://www.supermonas.pt/product/camisola-nos-vamos-todas-2,https://cdn.lojasonlinectt.pt/usercontent/supermonas/media/images/square/75f25f6-135341-img_7822.jpeg
Calças ESTAMOS MEJOR,"35,90 €",https://www.supermonas.pt/product/calcas-estamos-mejor,https://cdn.lojasonlinectt.pt/usercontent/supermonas/media/images/square/a626161-182742-img_1651.jpeg
Blazer DALE - preto,"59,90 €",https://www.supermonas.pt/product/blazer-dale-2,https://cdn.lojasonlinectt.pt/usercontent/supermonas/media/images/square/9b5d92d-135723-img_7403.jpeg
Saia BAILAMOS,"22,32 €27,90 €",https://www.supermonas.pt/product/saia-bailamos,https://cdn.lojasonlinectt.pt/usercontent/supermonas/media/images/square/c11274d-173642-img_1390.jpeg
Saia TE DARÍA UNA CANCIÓN,"26,01 €28,91 €",https://www.supermonas.pt/product/saia,https://cdn.lojasonlinectt.pt/usercontent/supermonas/media/images/square/144b011-172839-img_1381.jpeg
Saia LEJOS DE TI,"15,92 €19,90 €",https://www.supermonas.pt/product/saia-lejos-de-ti,https://cdn.lojasonlinectt.pt/usercontent/supermonas/media/images/square/6d1643a-001005-img_7201.jpeg
Camisola NOS VAMOS TODAS - preta,"26,90 €",https://www.supermonas.pt/product/camisola-nos-vamos-todas,https://cdn.lojasonlinectt.pt/usercontent/supermonas/media/images/square/52982fa-000616-img_7205.jpeg
Calças PÓNTE LAS PILLAS,"34,90 €",https://www.supermonas.pt/product/calcas-ponte-las-pillas,https://cdn.lojasonlinectt.pt/usercontent/supermonas/media/images/square/2d416c3-225855-img_7189.jpeg
Calças NUNCA HE VISTO,"34,90 €",https://www.supermonas.pt/product/calcas-nunca-he-visto,https://cdn.lojasonlinectt.pt/usercontent/supermonas/media/images/square/c01f5e5-091933-img_1696.jpeg
Porta-Chaves LA SUPER ESTRELLA,"9,00 €",https://www.supermonas.pt/product/porta-chaves-la-super-estrella,https://cdn.lojasonlinectt.pt/usercontent/supermonas/media/images/square/c830ad1-172557-img_1056.jpeg
Porta-Chaves ALGO MAYOR - tons castanhos,"9,00 €",https://www.supermonas.pt/product/porta-chaves-algo-mayor-tons-castanhos,https://cdn.lojasonlinectt.pt/usercontent/supermonas/media/images/square/9df8d54-172441-img_1049.jpeg
Colar CON ÉL,"15,01 €",https://www.supermonas.pt/product/colar-con-el,https://cdn.lojasonlinectt.pt/usercontent/supermonas/media/images/square/2948006-163258-img_1027.jpeg
Colar EL LAZO,"15,01 €",https://www.supermonas.pt/product/colar-el-lazo,https://cdn.lojasonlinectt.pt/usercontent/supermonas/media/images/square/4990456-163216-img_1025.jpeg
Colar UN AMOR,"15,01 €",https://www.supermonas.pt/product/colar-para-siempre-tons-vermelhos-2,https://cdn.lojasonlinectt.pt/usercontent/supermonas/media/images/square/4005820-162943-img_1043.jpeg
Colar BRILLO AZUL,"15,01 €",https://www.supermonas.pt/product/colar-brillo-azul,https://cdn.lojasonlinectt.pt/usercontent/supermonas/media/images/square/8345197-162514-img_1035.jpeg
Parka EN SERIO,"46,83 €66,90 €",https://www.supermonas.pt/product/parka-en-serio,https://cdn.lojasonlinectt.pt/usercontent/supermonas/media/images/square/136291d-224040-img_6764.jpeg
Saia ALTO RIESGO - caramelo,"23,03 €32,90 €",https://www.supermonas.pt/product/saia-te-mueves-preto-2,https://cdn.lojasonlinectt.pt/usercontent/supermonas/media/images/square/1007776-222701-img_6600.jpeg
Camisola BLONDA - preto,"19,90 €",https://www.supermonas.pt/product/camisola-blonda-preto,https://cdn.lojasonlinectt.pt/usercontent/supermonas/media/images/square/f75cb99-172529-img_0447.jpeg
Saia UN PEDAZO MALO,"18,83 €26,90 €",https://www.supermonas.pt/product/saia-un-pedazo-malo,https://cdn.lojasonlinectt.pt/usercontent/supermonas/media/images/square/4489826-160644-img_6158.jpeg
Casaco/Bomber EL LLANTO DE SU,"55,93 €79,90 €",https://www.supermonas.pt/product/casaco-bomber-el-llanto-de-su,https://cdn.lojasonlinectt.pt/usercontent/supermonas/media/images/square/3ac4cb0-165703-image.jpg
Vestido EMPEZAR,"35,94 €59,90 €",https://www.supermonas.pt/product/vestido-empezar,https://cdn.lojasonlinectt.pt/usercontent/supermonas/media/images/square/af87bf2-193941-5014000d-6cd3-44af-8b4b-b883c0811dbe.jpeg
Colar NO AGUANTO MAS,"28,90 €",https://www.supermonas.pt/product/colar-no-aguanto-mas,https://cdn.lojasonlinectt.pt/usercontent/supermonas/media/images/square/63dac07-143103-img_9383.jpeg
Cinto TIGRE,"29,90 €",https://www.supermonas.pt/product/cinto-tigre,https://cdn.lojasonlinectt.pt/usercontent/supermonas/media/images/square/92c09c4-170457-img_8943.jpeg
Colar QUE VA - pérola,"19,00 €",https://www.supermonas.pt/product/colar-que-va-2,https://cdn.lojasonlinectt.pt/usercontent/supermonas/media/images/square/ff11f77-101424-img_4846.jpeg
Colar BELLA (translúcido) - camel,"12,00 €",https://www.supermonas.pt/product/colar-bella-translucido-camel,https://cdn.lojasonlinectt.pt/usercontent/supermonas/media/images/square/70a830b-193218-img_9053.jpeg
Colar CADENA DORADA,"19,00 €",https://www.supermonas.pt/product/colar-cadena-dorada,https://cdn.lojasonlinectt.pt/usercontent/supermonas/media/images/square/aba619a-192755-img_9098.jpeg
Colar CORAZÓN GORDO,"15,00 €",https://www.supermonas.pt/product/colar-corazon-gordo,https://cdn.lojasonlinectt.pt/usercontent/supermonas/media/images/square/2e02436-192727-img_9103.jpeg
Colar PASIÓN,"15,00 €",https://www.supermonas.pt/product/colar-pasion,https://cdn.lojasonlinectt.pt/usercontent/supermonas/media/images/square/e219d9b-200531-img_9129.jpeg
Colar ESTRELLA TORCIDA,"15,00 €",https://www.supermonas.pt/product/colar-estrella-torcida,https://cdn.lojasonlinectt.pt/usercontent/supermonas/media/images/square/8382704-185835-img_9106.jpeg
Colar BUHO,"15,00 €",https://www.supermonas.pt/product/colar-buho-2,https://cdn.lojasonlinectt.pt/usercontent/supermonas/media/images/square/67dff5e-185403-img_9093.jpeg
Colar DE FIESTA castanho,"19,00 €",https://www.supermonas.pt/product/colar-de-fiesta-castanho,https://cdn.lojasonlinectt.pt/usercontent/supermonas/media/images/square/d68072e-184226-img_9035.jpeg
Colar BAJO PRESIÓN,"13,50 €",https://www.supermonas.pt/product/colar-bajo-presion,https://cdn.lojasonlinectt.pt/usercontent/supermonas/media/images/square/d62c754-183802-img_9057.jpeg
Colar PISA FUERTE,"15,00 €",https://www.supermonas.pt/product/colar-pisa-fuerte,https://cdn.lojasonlinectt.pt/usercontent/supermonas/media/images/square/141fc66-183649-img_8968.jpeg
Colar TE LO JURO,"15,00 €",https://www.supermonas.pt/product/colar-te-lo-juro,https://cdn.lojasonlinectt.pt/usercontent/supermonas/media/images/square/cad0a56-182916-img_9063.jpeg
Corpete DAMA,"27,92 €34,90 €",https://www.supermonas.pt/product/corpete-dama,https://cdn.lojasonlinectt.pt/usercontent/supermonas/media/images/square/6980d54-230902-b7cdaa4c-c708-49b9-93ca-046805d26647.jpeg
Botas MALA SUERTE,"55,23 €78,90 €",https://www.supermonas.pt/product/botas-mala-suerte,https://cdn.lojasonlinectt.pt/usercontent/supermonas/media/images/square/e155563-172242-img_7550.jpeg
Bomber ERES TÚ (MOCHY) - padrão leo,"45,52 €56,90 €",https://www.supermonas.pt/product/bomber-eres-tu-mochy-4,https://cdn.lojasonlinectt.pt/usercontent/supermonas/media/images/square/7584ff0-112804-26f88c3b-dae3-44c5-b006-6bd030be62cd.jpeg
Pulseira PÓ MÁGICO GLITER,"15,00 €",https://www.supermonas.pt/product/pulseira-po-magico-gliter-prata-9,https://cdn.lojasonlinectt.pt/usercontent/supermonas/media/images/square/2ae7d60-233811-img_6915.jpeg
Bomber ERES TÚ (MOCHY) - castanho,"45,52 €56,90 €",https://www.supermonas.pt/product/bomber-eres-tu-mochy,https://cdn.lojasonlinectt.pt/usercontent/supermonas/media/images/square/68866f3-200821-3ac1477e-ac7f-4b92-b3de-ab5117cd2973.jpeg
Calças GRAFITI,"22,45 €44,90 €",https://www.supermonas.pt/product/calcas-grafiti,https://cdn.lojasonlinectt.pt/usercontent/supermonas/media/images/square/f39287b-115656-img_6853.jpeg
Vestido APROVECHALO,"62,91 €69,90 €",https://www.supermonas.pt/product/vestido-aprovechalo,https://cdn.lojasonlinectt.pt/usercontent/supermonas/media/images/square/157bd6a-120027-img_1212.jpeg
Calças DE VERDAD (MOCHY) - azul,"30,00 €34,90 €",https://www.supermonas.pt/product/calcas-de-renda-de-verdad-amarelas-2,https://cdn.lojasonlinectt.pt/usercontent/supermonas/media/images/square/f33390f-185607-img_0363.jpeg
Colar LA REINA - dourado,"26,00 €",https://www.supermonas.pt/product/colar-la-reina-prata-2,https://cdn.lojasonlinectt.pt/usercontent/supermonas/media/images/square/9ea7af9-171041-img_0241.jpeg
Colar LA REINA - prata,"26,00 €",https://www.supermonas.pt/product/colar-la-reina-prata,https://cdn.lojasonlinectt.pt/usercontent/supermonas/media/images/square/bf9301e-171011-img_0236.jpeg
Macacão MEZCLADO,"25,50 €34,90 €",https://www.supermonas.pt/product/macacao-marquez-2,https://cdn.lojasonlinectt.pt/usercontent/supermonas/media/images/square/e22a322-115812-img_0187.jpeg
Vestido LETIZIA - rosa,"15,50 €26,90 €",https://www.supermonas.pt/product/vestido-letizia-rosa,https://cdn.lojasonlinectt.pt/usercontent/supermonas/media/images/square/8422036-224110-img_0004.jpeg
Macacão VELASQUEZ - castanho,"15,50 €23,90 €",https://www.supermonas.pt/product/macacao-velasquez-branco-2,https://cdn.lojasonlinectt.pt/usercontent/supermonas/media/images/square/b0fa0d3-221523-img_9941.jpeg
Macacão VELASQUEZ - branco,"15,50 €23,90 €",https://www.supermonas.pt/product/macacao-velasquez-branco,https://cdn.lojasonlinectt.pt/usercontent/supermonas/media/images/square/9ead558-221501-img_9942.jpeg
Colar CORAL - castanho,"16,00 €",https://www.supermonas.pt/product/colar-coral-castanho,https://cdn.lojasonlinectt.pt/usercontent/supermonas/media/images/square/6bcf041-220218-img_2544.jpeg
Colar CANGREJO - branco,"7,50 €14,00 €",https://www.supermonas.pt/product/colar-cangrejo-branco,https://cdn.lojasonlinectt.pt/usercontent/supermonas/media/images/square/04ea961-215907-img_2524.jpeg
Colar CARAIBAS,"17,00 €",https://www.supermonas.pt/product/colar-caraibas,https://cdn.lojasonlinectt.pt/usercontent/supermonas/media/images/square/afb006f-212356-img_2531.jpeg
Colar CANARIAS,"26,00 €",https://www.supermonas.pt/product/colar-canarias,https://cdn.lojasonlinectt.pt/usercontent/supermonas/media/images/square/5e96abf-213857-img_0030.jpeg
Vestido AMÉLIA,"15,50 €29,90 €",https://www.supermonas.pt/product/vestido-amelia,https://cdn.lojasonlinectt.pt/usercontent/supermonas/media/images/square/67ac342-203115-img_2471.jpeg
Colete MINI,"49,90 €",https://www.supermonas.pt/product/colete-mini,https://cdn.lojasonlinectt.pt/usercontent/supermonas/media/images/square/1702b36-200535-img_9922.jpeg
Bermudas PAOLA,"22,14 €36,90 €",https://www.supermonas.pt/product/bermudas-paola,https://cdn.lojasonlinectt.pt/usercontent/supermonas/media/images/square/9597288-195356-img_9930.jpeg
Saia DOÑA,"19,74 €32,90 €",https://www.supermonas.pt/product/saia-dona,https://cdn.lojasonlinectt.pt/usercontent/supermonas/media/images/square/bbaf52d-191111-img_9902.jpeg
Calças DE VERDAD (MOCHY) - amarelo,"30,00 €34,90 €",https://www.supermonas.pt/product/calcas-de-renda-de-verdad-amarelas,https://cdn.lojasonlinectt.pt/usercontent/supermonas/media/images/square/05fe193-082755-img_9726.jpeg
Calças DE VERDAD (MOCHY) - rosa,"30,00 €34,90 €",https://www.supermonas.pt/product/calcas-de-renda-de-verdad-rosa,https://cdn.lojasonlinectt.pt/usercontent/supermonas/media/images/square/cc53c22-082444-img_9725.jpeg
Saia FRUTERÍA/CORALES,"15,50 €",https://www.supermonas.pt/product/saia-fruteria-corales,https://cdn.lojasonlinectt.pt/usercontent/supermonas/media/images/square/6188984-235718-2d95d8bf-f0ef-4860-827a-9a118fc52289.jpeg
Vestido ZOE - bege,"15,01 €23,90 €",https://www.supermonas.pt/product/vestido-zoe-cinza-3,https://cdn.lojasonlinectt.pt/usercontent/supermonas/media/images/square/5f9c2c3-235036-dbe12d51-8dcf-4cca-a0dc-219a8b30113a.jpeg
Brincos PLAYEROS - vermelho,"5,50 €12,00 €",https://www.supermonas.pt/product/brincos-playeros-vermelho,https://cdn.lojasonlinectt.pt/usercontent/supermonas/media/images/square/d57ee34-171939-img_9016.jpeg
Colar CADENA LOCA,"13,00 €",https://www.supermonas.pt/product/colar-cadena-loca,https://cdn.lojasonlinectt.pt/usercontent/supermonas/media/images/square/ff31648-213256-770aa8e4-d604-4454-80e4-e04604641d99.jpeg
Cinto CADENA,"12,90 €",https://www.supermonas.pt/product/cinto-conchas-bege-4,https://cdn.lojasonlinectt.pt/usercontent/supermonas/media/images/square/5aed47c-181401-6de183f3-4bd5-4bf8-b978-a19b5d5a2155.jpeg
Colete VAMOS A VOLAR,"41,94 €69,90 €",https://www.supermonas.pt/product/colete-vamos-a-volar,https://cdn.lojasonlinectt.pt/usercontent/supermonas/media/images/square/0b13c52-115748-img_8811.jpeg
BERMUDAS DE COPAS (MOCHY),"22,90 €42,90 €",https://www.supermonas.pt/product/bermudas-de-copas,https://cdn.lojasonlinectt.pt/usercontent/supermonas/media/images/square/c0258b2-220155-img_7399.jpeg
Calças DESEADAS,"15,50 €24,90 €",https://www.supermonas.pt/product/calcas-deseadas,https://cdn.lojasonlinectt.pt/usercontent/supermonas/media/images/square/7935f31-001358-img_8107.jpeg
Sapatilhas DON RAYO - rosa,"25,50 €34,90 €",https://www.supermonas.pt/product/sapatilhas-charo-6,https://cdn.lojasonlinectt.pt/usercontent/supermonas/media/images/square/d12c795-120539-img_4424.jpeg
Brincos GOMITA,"7,50 €12,00 €",https://www.supermonas.pt/product/brincos-flamenco-3,https://cdn.lojasonlinectt.pt/usercontent/supermonas/media/images/square/085ce6a-140715-img_7481.jpeg
Brincos LAVANDA,"7,50 €12,00 €",https://www.supermonas.pt/product/brincos-flamenco-2,https://cdn.lojasonlinectt.pt/usercontent/supermonas/media/images/square/eb4a42a-164959-df233568-74f8-4e92-996c-9f2c876b3bc7.jpeg
Porta-chaves - CORAZONES,"12,00 €",https://www.supermonas.pt/product/brincos-cavallito-brancos-3,https://cdn.lojasonlinectt.pt/usercontent/supermonas/media/images/square/3ddb268-162233-img_4542.jpeg
Brincos CAVALLITO,"7,50 €12,00 €",https://www.supermonas.pt/product/brincos-pompon-2,https://cdn.lojasonlinectt.pt/usercontent/supermonas/media/images/square/e796ccc-155449-img_4511.jpeg
Brincos CHISPA,"7,50 €12,00 €",https://www.supermonas.pt/product/brincos-chispa,https://cdn.lojasonlinectt.pt/usercontent/supermonas/media/images/square/95c2981-155709-img_4521.jpeg
Brincos TUCANO - rosa,"7,50 €12,00 €",https://www.supermonas.pt/product/brincos-tucano-rosa,https://cdn.lojasonlinectt.pt/usercontent/supermonas/media/images/square/ed6e880-155600-img_4513.jpeg
Vestido GOMITA,"29,34 €48,90 €",https://www.supermonas.pt/product/vestido-gomita,https://cdn.lojasonlinectt.pt/usercontent/supermonas/media/images/square/fa5ddc6-181319-img_9643.jpeg
Brincos PIÑAS,"7,50 €12,00 €",https://www.supermonas.pt/product/brincos-anillas-2,https://cdn.lojasonlinectt.pt/usercontent/supermonas/media/images/square/f74d77c-143318-img_6873.jpeg
Brincos TRES TONOS,"7,50 €12,00 €",https://www.supermonas.pt/product/brincos,https://cdn.lojasonlinectt.pt/usercontent/supermonas/media/images/square/0e34319-151127-whatsapp-image-2025-04-17-at-152026-1.jpeg
Calças CINTILANTE,"17,50 €37,90 €",https://www.supermonas.pt/product/calcas-gris-2,https://cdn.lojasonlinectt.pt/usercontent/supermonas/media/images/square/118195a-233911-a5e133e7-a319-4410-974d-23d1a9dc1262.jpeg
Sapatilhas DON RAYO - preto e rosa,"25,50 €34,90 €",https://www.supermonas.pt/product/sapatilhas-charo-5,https://cdn.lojasonlinectt.pt/usercontent/supermonas/media/images/square/5a544f7-121236-img_4425.jpeg
Sapatilhas DON RAYO - OURO,"25,50 €34,90 €",https://www.supermonas.pt/product/sapatilhas-charo-4,https://cdn.lojasonlinectt.pt/usercontent/supermonas/media/images/square/2088b8c-115859-img_4422.jpeg
Pregadeira sapato (tons preto),"8,50 €",https://www.supermonas.pt/product/pregadeira-sapato-tons-preto,https://cdn.lojasonlinectt.pt/usercontent/supermonas/media/images/square/17969f3-195840-img_3972.jpeg
Brincos Rayos,"12,00 €",https://www.supermonas.pt/product/brincos-rayos,https://cdn.lojasonlinectt.pt/usercontent/supermonas/media/images/square/bf2fbda-194036-img_3942.jpeg
Brincos estrellas caídas,"5,50 €12,00 €",https://www.supermonas.pt/product/brincos-estrellas-caidas,https://cdn.lojasonlinectt.pt/usercontent/supermonas/media/images/square/5a1f238-193901-img_3944.jpeg
Túnica/Vestido TANGO,"69,90 €94,89 €",https://www.supermonas.pt/product/tunica-vestido-tango,https://cdn.lojasonlinectt.pt/usercontent/supermonas/media/images/square/ece9bff-175339-whatsapp-image-2024-12-19-at-172407.jpeg
Anel GRACIA,"12,00 €",https://www.supermonas.pt/product/brincos-gracia,https://cdn.lojasonlinectt.pt/usercontent/supermonas/media/images/square/8985110-160626-img_0134.jpeg
Colar SENTIDO CONTRARIO - (olho) prateado,"13,00 €",https://www.supermonas.pt/product/colar-cadena-rosa-5,https://cdn.lojasonlinectt.pt/usercontent/supermonas/media/images/square/62a2285-190837-img_9806.jpeg
Colar SENTIDO CONTRARIO - (cadeado) prateado,"13,00 €",https://www.supermonas.pt/product/colar-cadena-rosa-3,https://cdn.lojasonlinectt.pt/usercontent/supermonas/media/images/square/28d69f2-190618-img_9797.jpeg
Colar SENTIDO CONTRARIO - (cadeado) dourado,"13,00 €",https://www.supermonas.pt/product/colar-cadena-rosa-2,https://cdn.lojasonlinectt.pt/usercontent/supermonas/media/images/square/21d0a09-190440-img_9790.jpeg
Conjunto SERPIENTE - bordeaux,"22,45 €44,90 €",https://www.supermonas.pt/product/conjunto-serpiente-preto-2,https://cdn.lojasonlinectt.pt/usercontent/supermonas/media/images/square/da1d431-233448-img_2012.jpeg
Botins CIENPIÉS - preto,"25,74 €42,90 €",https://www.supermonas.pt/product/botins-cienpies-preto,https://cdn.lojasonlinectt.pt/usercontent/supermonas/media/images/square/d72b5a9-231223-b5371c8b-6013-4172-8577-65f29f004bfc.jpeg
Colar SONIDO - vermelho,"19,90 €",https://www.supermonas.pt/product/colar-sonido-dourado-2,https://cdn.lojasonlinectt.pt/usercontent/supermonas/media/images/square/aeae727-120203-28ee9934-09bc-4cac-8670-40a32643cbef.jpeg
Colar ESTRELLA PRATA,"15,00 €",https://www.supermonas.pt/product/colar-estrella-2,https://cdn.lojasonlinectt.pt/usercontent/supermonas/media/images/square/fdbc90c-215654-img_8070.jpeg
Brincos MAJO - dourados,"12,00 €",https://www.supermonas.pt/product/brincos-majo,https://cdn.lojasonlinectt.pt/usercontent/supermonas/media/images/square/2791873-130943-img_7943.jpeg
Vestido NOCHEVIEJA - dourado,"15,50 €39,90 €",https://www.supermonas.pt/product/vestido-nochevieja,https://cdn.lojasonlinectt.pt/usercontent/supermonas/media/images/square/2b16462-225304-whatsapp-image-2024-09-23-at-225220-1.jpeg
Vestido LA CENICIENTA  - verde menta,"69,99 €89,95 €",https://www.supermonas.pt/product/vestido-la-cenicienta-verde-menta,https://cdn.lojasonlinectt.pt/usercontent/supermonas/media/images/square/280c69b-173258-img_8079.jpeg
Vestido LA SIRENITA,"69,99 €89,95 €",https://www.supermonas.pt/product/vestido-la-cenicienta,https://cdn.lojasonlinectt.pt/usercontent/supermonas/media/images/square/a15d5a9-172400-img_8077.jpeg
